{
      "_version": "1.3.0",
      "sap.app": {
        "_version": "1.3.0",
        "id": "hcp://supportsitetemplate/Support_Site/applications/ServiceRequestsCreateNewTicket.json",
        "title": "Create New Ticket",
        "description": "",
        "tags": {
          "keywords": [
            ""
          ]
        },
        "crossNavigation": {
          "context": {},
          "inbounds": {
            "0":{
              "semanticObject": "ServiceRequestsCreateNewTicket",
              "action": "Display",
              "deviceTypes": {
                "desktop": true,
                "tablet": true,
                "phone": true
              },
              "title": "Create New Ticket",
              "subTitle": "",
              "info": "",
              "icon": "sap-icon://add",
              "size": "1x1",
              "signature": {
                  "parameters": {
                    "createNewTicket": {
                      "defaultValue": {
                        "value": "true"
                      },
                      "required": false,
                      "isRegularExpression": false,
                      "filter": {
                        "value": "",
                        "format": "plain"
                      }
                    }
                  },
                  "additionalParameters": "ignored"
                }
            }
          }
        }
      },
      "sap.platform.hcp": {
        "_version": "1.2.0",
        "uri": "/",
        "appName": "servicerequests"
      },
        "sap.ui5":{
          "_version": "1.2.0",
          "componentName": "ServiceRequests"
        },
      "sap.flp": {
        "_version": "1.1.0",
        "config": {}
      },
      "sap.ui": {
        "_version": "1.3.0",
        "technology": "UI5"
      }
}