{
      "_version": "1.3.0",
      "sap.app": {
        "_version": "1.3.0",
        "id": "hcp://supportsitetemplate/Support_Site/applications/ServiceRequestsOpenTickets.json",
        "title": "Open Tickets",
        "description": "",
        "tags": {
          "keywords": [
            ""
          ]
        },
        "crossNavigation": {
          "context": {},
          "inbounds": {
            "0":{
              "semanticObject": "ServiceRequestsOpenTickets",
              "action": "Display",
              "deviceTypes": {
                "desktop": true,
                "tablet": true,
                "phone": true
              },
              "title": "Open Tickets",
              "subTitle": "",
              "info": "",
              "icon": "",
              "size": "1x1",
              "signature": {},
              "additionalParameters": "ignored",
             "tileImplementation": {
                  "type": "component",
                  "id": "sap.hana.uis.tile.UI5",
                  "sap.hana.uis.ui5tile.module_name": "ServiceRequests.tile.OpenTickets",
                  "sap.hana.uis.ui5tile.module_type": "HTML",
                  "sap.hana.uis.ui5tile.module_url": "/sap/fiori/servicerequests/tile",
                  "sap.hana.uis.ui5tile.module_namespace": "ServiceRequests.tile",
                  "config": {}
                }
            }
          }
        }
      },
      "sap.platform.hcp": {
        "_version": "1.2.0",
        "uri": "/",
        "appName": "servicerequests"
      },
        "sap.ui5":{
          "_version": "1.2.0",
          "componentName": "ServiceRequests"
        },
      "sap.flp": {
        "_version": "1.1.0",
        "config": {}
      },
      "sap.ui": {
        "_version": "1.3.0",
        "technology": "UI5"
      }
}