<mvc:View controllerName="cpv2.templates.4_Sections.Template" height="100%" xmlns:appContainer="sap.ushell.components.container"
	xmlns:commons="sap.ui.commons" xmlns:core="sap.ui.core" xmlns:cpControls="sap.hana.uis.flp.control" xmlns:l="sap.ui.layout"
	xmlns:mvc="sap.ui.core.mvc" xmlns="sap.m">
	<Page enableScrolling="false" showFooter="false" showHeader="false">
		<content>
			<FlexBox direction="Column">
				<items>
					<cpControls:Widget alias="page1.header"></cpControls:Widget>
					<l:VerticalLayout width="80%" class="center">
						<l:layoutData>
							<FlexItemData growFactor="1"/>
						</l:layoutData>
						<l:Grid hSpacing="0" vSpacing="0" class="sapUiMediumMarginTopBottom">
							<l:VerticalLayout width="100%">
								<l:layoutData>
									<l:GridData span="L12 M12 S12"/>
								</l:layoutData>
								<cpControls:Widget alias="page1.topMainContent"></cpControls:Widget>
							</l:VerticalLayout>
						</l:Grid>
						<l:Grid hSpacing="0" vSpacing="0" class="sapUiMediumMarginTopBottom">
							<l:VerticalLayout width="100%">
								<l:layoutData>
									<l:GridData span="L12 M12 S12"/>
								</l:layoutData>
								<cpControls:Widget alias="page1.bottomMainContent"></cpControls:Widget>
							</l:VerticalLayout>
						</l:Grid>
					</l:VerticalLayout>
					<cpControls:Widget alias="page1.footer"></cpControls:Widget>
				</items>
			</FlexBox>
		</content>
	</Page>
</mvc:View>