{
	"_version": "1.3.0",
	"sap.app": {
		"_version": "1.3.0",
		"id": "hcp://supportsitetemplate/Support_Site/pages/Community.json",
		"baseId": "hcp://supportsitetemplate/Support_Site/pageTemplates/4_Sections/manifest.json",
		"title": "Community",
		"description": "",
		"crossNavigation": {
			"context": {},
			"inbounds": {
				"0": {
					"semanticObject": "Community",
					"action": "Display"
				}
			}
		}
	},
	"sap.cloud.portal": {
		"applicationType": "page",
		"nodes": {
			"bottomMainContent": {
				"_version": "1.3.0",
				"sap.app": {
					"_version": "1.1.0",
					"id": "hcp://jamgroupfeedwidget/manifest.json",
					"type": "application",
					"i18n": "i18n/i18n.properties",
					"applicationVersion": {
						"version": "1.0.0"
					},
					"title": "Jam Group Feed",
					"description": "Embed content from SAP Jam into your site pages",
					"sourceTemplate": {
						"id": "ui5template.basicSAPUI5ApplicationProject",
						"version": "1.32.0"
					}
				},
				"sap.ui": {
					"_version": "1.1.0",
					"technology": "UI5",
					"icons": {
						"icon": "",
						"favIcon": "",
						"phone": "",
						"phone@2": "",
						"tablet": "",
						"tablet@2": ""
					},
					"deviceTypes": {
						"desktop": true,
						"tablet": true,
						"phone": true
					},
					"supportedThemes": [
						"sap_hcb",
						"sap_bluecrystal"
					]
				},
				"sap.ui5": {
					"_version": "1.1.0",
					"rootView": {
						"viewName": "JamGroupFeedWidget.view.Main",
						"type": "XML"
					},
					"dependencies": {
						"minUI5Version": "1.30.0",
						"libs": {
							"sap.ui.core": {},
							"sap.m": {},
							"sap.ui.layout": {}
						}
					},
					"contentDensities": {
						"compact": true,
						"cozy": true
					},
					"models": {
						"i18n": {
							"type": "sap.ui.model.resource.ResourceModel",
							"settings": {
								"bundleName": "JamGroupFeedWidget.i18n.i18n"
							}
						}
					},
					"resources": {
						"css": [{
							"uri": "css/style.css"
						}]
					},
					"config": {
						"jamUrl": "/destinations/jam/api/v1/OData",
						"groups": "/Groups?$top=100",
						"feedEntries": "/Groups('{groupId}')/FeedEntries",
						"expandQuery": "?$expand=Creator,ThumbnailImage"
					},
					"routing": {
						"config": {
							"routerClass": "sap.hana.uis.flp.routing.Router"
						}
					},
					"componentName": "JamGroupFeedWidget"
				},
				"sap.flp": {
					"appType": "SAP_UI5_Component",
					"config": {
						"editable": true,
						"deletable": true
					}
				},
				"sap.platform.hcp": {
					"uri": "",
					"appName": "jamgroupfeedwidget",
					"_version": "1.1.0"
				},
				"sap.cloud.portal": {
					"show.portal.settings": "false",
					"settings": {
						"groupId": {
							"displayName": "Jam group ID",
							"value": ""
						},
						"groupName": ""
					}
				},
				"local": "true",
				"sectionAlias": "page1.bottomMainContent"
			},
			"topMainContent": {
				"_version": "1.3.0",
				"sap.app": {
					"_version": "1.3.0",
					"id": "hcp://portalapptemplates/htmlwidget/manifest.json",
					"title": "HTML Widget",
					"description": "A widget template that displays HTML files.",
					"tags": {
						"keywords": []
					},
					"crossNavigation": {
						"inbounds": {
							"0": {
								"semanticObject": "htmlwidget",
								"action": "Display"
							}
						}
					}
				},
				"sap.platform.hcp": {
					"_version": "1.2.0",
					"appName": "portalapptemplates",
					"uri": "/htmlwidget"
				},
				"sap.cloud.portal": {
					"show.portal.settings": "false",
					"settings": {
						"markup": {
							"isRequired": "false",
							"storage_type": "html",
							"value": "<!DOCTYPE html>\n<html>\n<head lang=\"en\">\n    <meta charset=\"UTF-8\">\n    <style>\n        #leaders {\n            font-family: benton_book;\n            margin: 0 auto;\n            padding: 0;\n            overflow: hidden;\n            color: #394358;\n            max-width: 1001px;\n        }\n\n        #leaders h2 {\n            font-size: 2rem;\n            text-align: center;\n            margin: 3vw 0;\n            font-weight: 100;\n        }\n\n        #leaders p {\n            font-size: 1rem;\n            text-align: center;\n            margin: 4vw 0 0 0;\n            font-weight: 100;\n            clear: left;\n            line-height: 2;\n        }\n\n        #leaders img {\n            margin: 0.5%;\n            width: 15%;\n        }\n\n        /*smartphone*/\n\n        .sapUiMedia-Std-Phone #leaders h2 {\n            font-size: 1.5rem;\n        }\n\n        .sapUiMedia-Std-Phone #leaders img {\n            width: 48%;\n        }\n\n        .sapUiMedia-Std-Phone #leader_images #second_row img {\n            display: none;\n        }\n\n    </style>\n</head>\n<body>\n<div id=\"leaders\">\n    <h2>Hear from our community leaders</h2>\n    <div id=\"leader_images\">\n        <div id=\"first_row\"><img src=\"/sap/fiori/supportsitetemplate/Support_Site/img/Communities/1.png\">\n            <img src=\"/sap/fiori/supportsitetemplate/Support_Site/img/Communities/2.png\">\n            <img src=\"/sap/fiori/supportsitetemplate/Support_Site/img/Communities/3.png\">\n            <img src=\"/sap/fiori/supportsitetemplate/Support_Site/img/Communities/4.png\">\n            <img src=\"/sap/fiori/supportsitetemplate/Support_Site/img/Communities/5.png\">\n            <img src=\"/sap/fiori/supportsitetemplate/Support_Site/img/Communities/6.png\">\n        </div>\n        <div id=\"second_row\">\n            <img src=\"/sap/fiori/supportsitetemplate/Support_Site/img/Communities/7.png\">\n            <img src=\"/sap/fiori/supportsitetemplate/Support_Site/img/Communities/8.png\">\n            <img src=\"/sap/fiori/supportsitetemplate/Support_Site/img/Communities/9.png\">\n            <img src=\"/sap/fiori/supportsitetemplate/Support_Site/img/Communities/10.png\">\n            <img src=\"/sap/fiori/supportsitetemplate/Support_Site/img/Communities/11.png\">\n            <img src=\"/sap/fiori/supportsitetemplate/Support_Site/img/Communities/12.png\">\n        </div>\n    </div>\n    <p>Didn't find the answer in our Knowledge Base?<br>\n    Ask the community! </p>\n</div>\n</body>\n</html>",
							"displayName": "HTML",
							"description": "",
							"id": "markup"
						}
					}
				},
				"sap.flp": {
					"_version": "1.1.0",
					"config": {}
				},
				"sap.ui": {
					"_version": "1.3.0",
					"technology": "UI5"
				},
				"sap.ui5": {
					"_version": "1.2.0",
					"componentName": "htmlwidget.local",
					"routing": {
						"config": {
							"routerClass": "sap.hana.uis.flp.routing.Router"
						}
					}
				},
				"local": "true",
				"sectionAlias": "page1.topMainContent"
			},
			"header": {
				"_version": "1.3.0",
				"sap.app": {
					"_version": "1.3.0",
					"id": "hcp://portalapptemplates/htmlwidget/manifest.json",
					"title": "HTML Widget",
					"description": "A widget template that displays HTML files.",
					"tags": {
						"keywords": []
					},
					"crossNavigation": {
						"inbounds": {
							"0": {
								"semanticObject": "htmlwidget",
								"action": "Display"
							}
						}
					}
				},
				"sap.platform.hcp": {
					"_version": "1.2.0",
					"appName": "portalapptemplates",
					"uri": "/htmlwidget"
				},
				"sap.cloud.portal": {
					"show.portal.settings": "false",
					"settings": {
						"markup": {
							"isRequired": "false",
							"storage_type": "html",
							"value": "<!DOCTYPE html>\n<html>\n<head lang=\"en\">\n    <meta charset=\"UTF-8\">\n    <style>\n        @font-face {\n            font-family: benton_medium;\n            src: url('/sap/fiori/supportsitetemplate/Support_Site/fonts/BentonSans-Medium.ttf');\n        }\n\n\n        @font-face {\n            font-family: benton_light;\n            src: url('/sap/fiori/supportsitetemplate/Support_Site/fonts/BentonSans-Light.ttf');\n        }\n\n        @font-face {\n            font-family: benton_book;\n            src: url('/sap/fiori/supportsitetemplate/Support_Site/fonts/BentonSans-Book.ttf');\n        }\n        #header {\n            background-image: url('/sap/fiori/supportsitetemplate/Support_Site/img/Communities/community_image.jpg');\n            background-repeat: no-repeat;\n            background-size: cover;\n            background-position: 0 0;\n            font-family: benton_light;\n            margin: 0;\n            padding: 0 0 7rem 0;\n            overflow: hidden;\n        }\n        #header .inner {\n            display: block;\n            width: 70%;\n            margin: 0 auto;\n            max-width: 1001px;\n\n        }\n        #header .inner .intro {\n            text-align: center;\n            font-size: 1rem;\n            margin: 2rem;\n            font-family: benton_book;\n            color: #fff;\n            width: 65%;\n            margin: 0 auto;\n            line-height: 1.5;\n        }\n        #header p {\n            color: #fff;\n            font-size: 3rem;\n            text-align: center;\n            margin: 5vw 0 0px 0px;\n            font-weight: 100;\n        }\n        img#pas {\n            width: 100%;\n        }\n\n        /*tablet*/\n\n        .sapUiMedia-Std-Tablet #header p {\n            margin-top: 5rem;\n            font-size: 3rem;\n            line-height: normal;              padding-bottom: 1rem;\n}\n\n /*smartphone*/\n\n        .sapUiMedia-Std-Phone #header p {\n            margin-top: 2rem;\n            font-size: 2rem;\n            line-height: normal;\n}\n\n        .sapUiMedia-Std-Phone img#pas {\n            display: none;\n        }\n\n        .sapUiMedia-Std-Phone #header .inner .intro {\n            margin: 1rem auto;\n            width: 80%;\n            font-size: 0.9rem;\n        }\n\n    </style>\n</head>\n<body>\n<section id=\"header\">\n    <div class=\"inner\">\n        <p>Welcome to our Communities</p>\n        <img src=\"/sap/fiori/supportsitetemplate/Support_Site/img/Communities/community_pas.png\" id=\"pas\">\n        <div class=\"intro\">\n            Our community is a great place to share and connect with other people who are passionate about the same things you are. Get your questions answered, share your ideas and feedback, get your problems solved, and give back by helping others! It only takes a minute to get started.\n        </div>\n    </div>\n</section>\n</body>\n</html>",
							"displayName": "HTML",
							"description": "",
							"id": "markup"
						}
					}
				},
				"sap.flp": {
					"_version": "1.1.0",
					"config": {}
				},
				"sap.ui": {
					"_version": "1.3.0",
					"technology": "UI5"
				},
				"sap.ui5": {
					"_version": "1.2.0",
					"componentName": "htmlwidget.local",
					"routing": {
						"config": {
							"routerClass": "sap.hana.uis.flp.routing.Router"
						}
					}
				},
				"local": "true",
				"sectionAlias": "page1.header"
			}
		}
	},
	"sap.flp": {
    "_version": "1.1.0",
    "config": {}
  }
}